Tag,Kind,Name,Author,Conscript_Tag,Real_Language,RNUR_Start,RNUR_End,Status,Notes
art-x-sx-franklin,conscript,Franklin Phonetic Alphabet,Benjamin Franklin,NONE,en,U+EE00,U+EE0F,Provisional Lease / Pending Upstream Ratification,Phonetic alphabet for English; English already has BCP 47 tag en so no art-x- language tag is minted
art-x-sx-loopiform,conscript,Loopiform,Filipe Dos Reis,NONE,MULTIPLE,U+EE10,U+EE5F,Provisional Lease / Pending Upstream Ratification,Intended for the Romance language family; every member already has a BCP 47 primary subtag so no art-x- language tag is minted
art-x-sx-sulat,conscript,Sulat,Julius Dalum,NONE,hil,U+EE90,U+EEDF,Provisional Lease / Pending Upstream Ratification,Sulat orthography of Hiligaynon/Illongo which already carries BCP 47 tag hil and an ISO 639 code; conscript is taggable but the language is not
art-x-sx-western,conscript,Western Script,Julius Dalum,NONE,hil,U+EEE0,U+EF2F,Provisional Lease / Pending Upstream Ratification,Used for foreign loanwords written in Illongo; conscript is taggable but the language is not
art-x-sx-zurjon,conscript,Zurjon,u/Willing_Squirrel_741,NONE,NONE,U+EF30,U+EF6F,Provisional Lease / Pending Upstream Ratification,Backing script for the conlang art-x-zurjon; shared allocation is expected and not an error
art-x-sx-foldian,conscript,Foldian,u/Willing_Squirrel_741,NONE,NONE,U+EF70,U+EFAF,Provisional Lease / Pending Upstream Ratification,Backing script for the conlang art-x-foldian; shared allocation is expected and not an error
art-x-sx-placeholder,conscript,Placeholder (English cipher script),NONE,NONE,en,U+F5C0,U+F71F,Provisional Lease / Pending Upstream Ratification,English-language cipher script; no art-x- language tag is minted
art-x-zurjon,language,Zurjon,u/Willing_Squirrel_741,art-x-sx-zurjon,NONE,U+EF30,U+EF6F,Provisional Lease / Pending Upstream Ratification,Conlang with no existing BCP 47 primary subtag and no ISO 639 code; admitted as both language and conscript
art-x-foldian,language,Foldian,u/Willing_Squirrel_741,art-x-sx-foldian,NONE,U+EF70,U+EFAF,Provisional Lease / Pending Upstream Ratification,Conlang with no existing BCP 47 primary subtag and no ISO 639 code; admitted as both language and conscript
